code;name;category;cost;amount;description;company;photo;color
805705;Блокнот Moleskine Plain Notebook Extra Large;Офис и канцелярия->Канцелярия->Блокноты;1 837,12;9;"Наличие карманов; Застежка/резинка; Переплет: твердый; Плотность бумаги: 70; Линовка: без линовки; Формат: А5";Moleskine;1.jpg;черный
1280583;Блокнот Moleskine Star Wars Lightsaber Duel Notebook Black;Офис и канцелярия->Канцелярия->Блокноты;2134,0;12;"Наличие карманов; Застежка/резинка; Переплет: твердый; Плотность бумаги: 70; Линовка: линейка; Формат: А5";Moleskine;2.jpg;
1280583;Блокнот Moleskine Star Wars Lightsaber Duel Notebook Black;Офис и канцелярия->Канцелярия->Блокноты;2 134,0;7;"Наличие карманов; Застежка/резинка; Переплет: твердый; Плотность бумаги: 70; Линовка: линейка; Формат: А5";Moleskine;3.jpg;черный
1280619;Блокнот Moleskine Snow White Ruled Notebook Pocket Blue;Офис и канцелярия->Канцелярия->Блокноты;1529,0;7;"Наличие карманов; Застежка/резинка; Переплет: твердый; Плотность бумаги: 70; Линовка: линейка; Формат: А6";Moleskine;4.jpg;
1280619;Блокнот Moleskine Snow White Ruled Notebook Pocket Blue;Офис и канцелярия->Канцелярия->Блокноты;1 529,0;8;"Наличие карманов; Застежка/резинка; Переплет: твердый; Плотность бумаги: 70; Линовка: линейка; Формат: А6";Moleskine;5.jpg;красный
1280607;Блокнот Moleskine Snow White Ruled Notebook Black;Офис и канцелярия->Канцелярия->Блокноты;2134,0;13;"Наличие карманов; Застежка/резинка; Переплет: твердый; Плотность бумаги: 70; Линовка: линейка; Формат: А5";Moleskine;6.jpg;
1280607;Блокнот Moleskine Snow White Ruled Notebook Black;Офис и канцелярия->Канцелярия->Блокноты;2 134,0;10;"Наличие карманов; Застежка/резинка; Переплет: твердый; Плотность бумаги: 70; Линовка: линейка; Формат: А5";Moleskine;7.jpg;черный
805643;Блокнот Moleskine Ruled Notebook Pocket Sapphirine;Офис и канцелярия->Канцелярия->Блокноты;1155,0;9;"Наличие карманов; Застежка/резинка; Переплет: твердый; Плотность бумаги: 70; Линовка: линейка; Формат: А6";Moleskine;8.jpg;
805643;Блокнот Moleskine Ruled Notebook Pocket Sapphirine;Офис и канцелярия->Канцелярия->Блокноты;1 155,0;4;"Наличие карманов; Застежка/резинка; Переплет: твердый; Плотность бумаги: 70; Линовка: линейка; Формат: А6";Moleskine;9.jpg;синий
809886;Блокнот Moleskine Dots Soft Notebook Extra Large Black;Офис и канцелярия->Канцелярия->Блокноты;1837,0;14;"Наличие карманов; Застежка/резинка; Переплет: мягкий; Плотность бумаги: 80; Линовка: точка; Формат: А5";Moleskine;10.jpg;
809886;Блокнот Moleskine Dots Soft Notebook Extra Large Black;Офис и канцелярия->Канцелярия->Блокноты;1 837,0;13;"Наличие карманов; Застежка/резинка; Переплет: мягкий; Плотность бумаги: 80; Линовка: точка; Формат: А5";Moleskine;11.jpg;черный
809280;Блокнот Moleskine Toy Story Ruled Notebook Red;Офис и канцелярия->Канцелярия->Блокноты;1991,0;10;"Наличие карманов; Застежка/резинка; Переплет: твердый; Плотность бумаги: 70; Линовка: линейка; Формат: А5";Moleskine;12.jpg;
809280;Блокнот Moleskine Toy Story Ruled Notebook Red;Офис и канцелярия->Канцелярия->Блокноты;1 991,0;15;"Наличие карманов; Застежка/резинка; Переплет: твердый; Плотность бумаги: 70; Линовка: линейка; Формат: А5";Moleskine;13.jpg;красный
809292;Блокнот Moleskine Toy Story Ruled Notebook Pocket Blue;Офис и канцелярия->Канцелярия->Блокноты;1540,0;12;"Наличие карманов; Застежка/резинка; Переплет: твердый; Плотность бумаги: 70; Линовка: линейка; Формат: А6";Moleskine;14.jpg;
809292;Блокнот Moleskine Toy Story Ruled Notebook Pocket Blue;Офис и канцелярия->Канцелярия->Блокноты;1 540,0;12;"Наличие карманов; Застежка/резинка; Переплет: твердый; Плотность бумаги: 70; Линовка: линейка; Формат: А6";Moleskine;15.jpg;синий
809313;Блокнот Moleskine Toy Story Plain Notebook Pocket Red;Офис и канцелярия->Канцелярия->Блокноты;1540,0;6;"Наличие карманов; Застежка/резинка; Переплет: твердый; Плотность бумаги: 70; Линовка: без линовки; Формат: А6";Moleskine;16.jpg;
809313;Блокнот Moleskine Toy Story Plain Notebook Pocket Red;Офис и канцелярия->Канцелярия->Блокноты;1 540,0;12;"Наличие карманов; Застежка/резинка; Переплет: твердый; Плотность бумаги: 70; Линовка: без линовки; Формат: А6";Moleskine;17.jpg;красный
1280517;Блокнот Moleskine Time Ruled Notebook Green;Офис и канцелярия->Канцелярия->Блокноты;1529,0;14;"Наличие карманов; Застежка/резинка; Переплет: твердый; Плотность бумаги: 100; Линовка: линейка; Формат: А5";Moleskine;18.jpg;
1280517;Блокнот Moleskine Time Ruled Notebook Green;Офис и канцелярия->Канцелярия->Блокноты;1 529,0;15;"Наличие карманов; Застежка/резинка; Переплет: твердый; Плотность бумаги: 100; Линовка: линейка; Формат: А5";Moleskine;19.jpg;зеленый
1280532;Блокнот Moleskine Time Ruled Notebook Black;Офис и канцелярия->Канцелярия->Блокноты;1529,0;12;"Наличие карманов; Застежка/резинка; Переплет: твердый; Плотность бумаги: 100; Линовка: линейка; Формат: А5";Moleskine;20.jpg;
1280532;Блокнот Moleskine Time Ruled Notebook Black;Офис и канцелярия->Канцелярия->Блокноты;1 529,0;7;"Наличие карманов; Застежка/резинка; Переплет: твердый; Плотность бумаги: 100; Линовка: линейка; Формат: А5";Moleskine;21.jpg;черный
1280523;Блокнот Moleskine Time Plain Notebook Brown;Офис и канцелярия->Канцелярия->Блокноты;1529,0;6;"Наличие карманов; Застежка/резинка; Переплет: твердый; Плотность бумаги: 100; Линовка: без линовки; Формат: А5";Moleskine;22.jpg;
1280523;Блокнот Moleskine Time Plain Notebook Brown;Офис и канцелярия->Канцелярия->Блокноты;1 529,0;9;"Наличие карманов; Застежка/резинка; Переплет: твердый; Плотность бумаги: 100; Линовка: без линовки; Формат: А5";Moleskine;23.jpg;коричневый
1280525;Блокнот Moleskine Time Plain Notebook Blue;Офис и канцелярия->Канцелярия->Блокноты;1529,0;3;"Наличие карманов; Застежка/резинка; Переплет: твердый; Плотность бумаги: 100; Линовка: без линовки; Формат: А5";Moleskine;24.jpg;
1280525;Блокнот Moleskine Time Plain Notebook Blue;Офис и канцелярия->Канцелярия->Блокноты;1 529,0;9;"Наличие карманов; Застежка/резинка; Переплет: твердый; Плотность бумаги: 100; Линовка: без линовки; Формат: А5";Moleskine;25.jpg;синий
1280629;Блокнот Moleskine Snow White Ruled Notebook Pocket Black;Офис и канцелярия->Канцелярия->Блокноты;1529,0;11;"Наличие карманов; Застежка/резинка; Переплет: твердый; Плотность бумаги: 70; Линовка: линейка; Формат: А6";Moleskine;26.jpg;
1280629;Блокнот Moleskine Snow White Ruled Notebook Pocket Black;Офис и канцелярия->Канцелярия->Блокноты;1 529,0;7;"Наличие карманов; Застежка/резинка; Переплет: твердый; Плотность бумаги: 70; Линовка: линейка; Формат: А6";Moleskine;27.jpg;черный
1280615;Блокнот Moleskine Snow White Ruled Notebook Blue;Офис и канцелярия->Канцелярия->Блокноты;2134,0;3;"Наличие карманов; Застежка/резинка; Переплет: твердый; Плотность бумаги: 70; Линовка: линейка; Формат: А5";Moleskine;28.jpg;
1280615;Блокнот Moleskine Snow White Ruled Notebook Blue;Офис и канцелярия->Канцелярия->Блокноты;2 134,0;9;"Наличие карманов; Застежка/резинка; Переплет: твердый; Плотность бумаги: 70; Линовка: линейка; Формат: А5";Moleskine;29.jpg;синий
998581;Блокнот Moleskine Set of 3 Squared Cahier Journals XLarge Beige;Офис и канцелярия->Канцелярия->Блокноты;1430,0;10;"Наличие карманов; Материал обложки: картон; Переплет: мягкий; Линовка: клетка; Формат: А5; Набор блокнотов: 3";Moleskine;30.jpg;
998581;Блокнот Moleskine Set of 3 Squared Cahier Journals XLarge Beige;Офис и канцелярия->Канцелярия->Блокноты;1 430,0;14;"Наличие карманов; Материал обложки: картон; Переплет: мягкий; Линовка: клетка; Формат: А5; Набор блокнотов: 3";Moleskine;31.jpg;бежевый
998546;Блокнот Moleskine Set of 3 Squared Cahier Journals Large Red;Офис и канцелярия->Канцелярия->Блокноты;1034,0;13;"Наличие карманов; Материал обложки: картон; Переплет: мягкий; Линовка: клетка; Формат: А5; Набор блокнотов: 3";Moleskine;32.jpg;
998546;Блокнот Moleskine Set of 3 Squared Cahier Journals Large Red;Офис и канцелярия->Канцелярия->Блокноты;1 034,0;10;"Наличие карманов; Материал обложки: картон; Переплет: мягкий; Линовка: клетка; Формат: А5; Набор блокнотов: 3";Moleskine;33.jpg;красный
998541;Блокнот Moleskine Set of 3 Squared Cahier Journals Large Blue;Офис и канцелярия->Канцелярия->Блокноты;1034,0;12;"Наличие карманов; Материал обложки: картон; Переплет: мягкий; Линовка: клетка; Формат: А5; Набор блокнотов: 3";Moleskine;34.jpg;
998541;Блокнот Moleskine Set of 3 Squared Cahier Journals Large Blue;Офис и канцелярия->Канцелярия->Блокноты;1 034,0;9;"Наличие карманов; Материал обложки: картон; Переплет: мягкий; Линовка: клетка; Формат: А5; Набор блокнотов: 3";Moleskine;35.jpg;синий
998557;Блокнот Moleskine Set of 3 Squared Cahier Journals Large Black;Офис и канцелярия->Канцелярия->Блокноты;1034,0;10;"Наличие карманов; Материал обложки: картон; Переплет: мягкий; Линовка: клетка; Формат: А5; Набор блокнотов: 3";Moleskine;36.jpg;
998557;Блокнот Moleskine Set of 3 Squared Cahier Journals Large Black;Офис и канцелярия->Канцелярия->Блокноты;1 034,0;10;"Наличие карманов; Материал обложки: картон; Переплет: мягкий; Линовка: клетка; Формат: А5; Набор блокнотов: 3";Moleskine;37.jpg;черный
998549;Блокнот Moleskine Set of 3 Squared Cahier Journals Large Beige;Офис и канцелярия->Канцелярия->Блокноты;1243,0;2;"Наличие карманов; Материал обложки: картон; Переплет: мягкий; Линовка: клетка; Формат: А5; Набор блокнотов: 3";Moleskine;38.jpg;
998549;Блокнот Moleskine Set of 3 Squared Cahier Journals Large Beige;Офис и канцелярия->Канцелярия->Блокноты;1 243,0;3;"Наличие карманов; Материал обложки: картон; Переплет: мягкий; Линовка: клетка; Формат: А5; Набор блокнотов: 3";Moleskine;39.jpg;бежевый
403485;Блокнот Moleskine Set of 3 Ruled Cahier Journals Pocket Grey;Офис и канцелярия->Канцелярия->Блокноты;616,0;12;"Наличие карманов; Материал обложки: картон; Переплет: мягкий; Линовка: линейка; Формат: А6; Набор блокнотов: 3";Moleskine;40.jpg;
403485;Блокнот Moleskine Set of 3 Ruled Cahier Journals Pocket Grey;Офис и канцелярия->Канцелярия->Блокноты;616,0;7;"Наличие карманов; Материал обложки: картон; Переплет: мягкий; Линовка: линейка; Формат: А6; Набор блокнотов: 3";Moleskine;41.jpg;серый
998596;Блокнот Moleskine Set of 3 Ruled Cahier Journals Large Red;Офис и канцелярия->Канцелярия->Блокноты;1034,0;14;"Наличие карманов; Материал обложки: картон; Переплет: мягкий; Линовка: линейка; Формат: А5; Набор блокнотов: 3";Moleskine;42.jpg;
998596;Блокнот Moleskine Set of 3 Ruled Cahier Journals Large Red;Офис и канцелярия->Канцелярия->Блокноты;1 034,0;4;"Наличие карманов; Материал обложки: картон; Переплет: мягкий; Линовка: линейка; Формат: А5; Набор блокнотов: 3";Moleskine;43.jpg;красный
998590;Блокнот Moleskine Set of 3 Ruled Cahier Journals Large Beige;Офис и канцелярия->Канцелярия->Блокноты;1034,0;14;"Наличие карманов; Материал обложки: картон; Переплет: мягкий; Линовка: линейка; Формат: А5; Набор блокнотов: 3";Moleskine;44.jpg;
998590;Блокнот Moleskine Set of 3 Ruled Cahier Journals Large Beige;Офис и канцелярия->Канцелярия->Блокноты;1 034,0;9;"Наличие карманов; Материал обложки: картон; Переплет: мягкий; Линовка: линейка; Формат: А5; Набор блокнотов: 3";Moleskine;45.jpg;бежевый
998640;Блокнот Moleskine Set of 3 Plain Cahier Journals Pocket Black;Офис и канцелярия->Канцелярия->Блокноты;616,0;9;"Наличие карманов; Материал обложки: картон; Переплет: мягкий; Линовка: без линовки; Формат: А6; Набор блокнотов: 3";Moleskine;46.jpg;
998640;Блокнот Moleskine Set of 3 Plain Cahier Journals Pocket Black;Офис и канцелярия->Канцелярия->Блокноты;616,0;8;"Наличие карманов; Материал обложки: картон; Переплет: мягкий; Линовка: без линовки; Формат: А6; Набор блокнотов: 3";Moleskine;47.jpg;черный
281715;Блокнот Moleskine Set of 2  Ruled  Volant Notebooks Prussian Blue;Офис и канцелярия->Канцелярия->Блокноты;858,0;5;"Материал обложки: картон; Переплет: мягкий; Линовка: линейка; Формат: А6; Набор блокнотов: 2";Moleskine;48.jpg;
281715;Блокнот Moleskine Set of 2  Ruled  Volant Notebooks Prussian Blue;Офис и канцелярия->Канцелярия->Блокноты;858,0;2;"Материал обложки: картон; Переплет: мягкий; Линовка: линейка; Формат: А6; Набор блокнотов: 2";Moleskine;49.jpg;синий
805648;Блокнот Moleskine Ruled Notebook Pocket Mint;Офис и канцелярия->Канцелярия->Блокноты;1155,0;8;"Наличие карманов; Застежка/резинка; Переплет: твердый; Плотность бумаги: 70; Линовка: линейка; Формат: А6";Moleskine;50.jpg;
805648;Блокнот Moleskine Ruled Notebook Pocket Mint;Офис и канцелярия->Канцелярия->Блокноты;1 155,0;3;"Наличие карманов; Застежка/резинка; Переплет: твердый; Плотность бумаги: 70; Линовка: линейка; Формат: А6";Moleskine;51.jpg;салатовый
805653;Блокнот Moleskine Ruled Notebook Pocket Citrus;Офис и канцелярия->Канцелярия->Блокноты;1155,0;13;"Наличие карманов; Застежка/резинка; Переплет: твердый; Плотность бумаги: 70; Линовка: линейка; Формат: А6";Moleskine;52.jpg;
805653;Блокнот Moleskine Ruled Notebook Pocket Citrus;Офис и канцелярия->Канцелярия->Блокноты;1 155,0;11;"Наличие карманов; Застежка/резинка; Переплет: твердый; Плотность бумаги: 70; Линовка: линейка; Формат: А6";Moleskine;53.jpg;желтый
269226;Блокнот Moleskine Ruled Notebook Pocket Black;Офис и канцелярия->Канцелярия->Блокноты;1155,0;13;"Наличие карманов; Застежка/резинка; Переплет: твердый; Плотность бумаги: 70; Линовка: линейка; Формат: А6";Moleskine;54.jpg;
269226;Блокнот Moleskine Ruled Notebook Pocket Black;Офис и канцелярия->Канцелярия->Блокноты;1 155,0;8;"Наличие карманов; Застежка/резинка; Переплет: твердый; Плотность бумаги: 70; Линовка: линейка; Формат: А6";Moleskine;55.jpg;черный
805617;Блокнот Moleskine Ruled Notebook Large Sapphirine;Офис и канцелярия->Канцелярия->Блокноты;1529,0;4;"Наличие карманов; Застежка/резинка; Переплет: твердый; Плотность бумаги: 70; Линовка: линейка; Формат: А5";Moleskine;56.jpg;
805617;Блокнот Moleskine Ruled Notebook Large Sapphirine;Офис и канцелярия->Канцелярия->Блокноты;1 529,0;4;"Наличие карманов; Застежка/резинка; Переплет: твердый; Плотность бумаги: 70; Линовка: линейка; Формат: А5";Moleskine;57.jpg;синий
805626;Блокнот Moleskine Ruled Notebook Large Mint;Офис и канцелярия->Канцелярия->Блокноты;1529,0;6;"Наличие карманов; Застежка/резинка; Переплет: твердый; Плотность бумаги: 70; Линовка: линейка; Формат: А5";Moleskine;58.jpg;
805626;Блокнот Moleskine Ruled Notebook Large Mint;Офис и канцелярия->Канцелярия->Блокноты;1 529,0;13;"Наличие карманов; Застежка/резинка; Переплет: твердый; Плотность бумаги: 70; Линовка: линейка; Формат: А5";Moleskine;59.jpg;салатовый
805636;Блокнот Moleskine Ruled Notebook Large Citrus;Офис и канцелярия->Канцелярия->Блокноты;1529,0;12;"Наличие карманов; Застежка/резинка; Переплет: твердый; Плотность бумаги: 70; Линовка: линейка; Формат: А5";Moleskine;60.jpg;
805636;Блокнот Moleskine Ruled Notebook Large Citrus;Офис и канцелярия->Канцелярия->Блокноты;1 529,0;7;"Наличие карманов; Застежка/резинка; Переплет: твердый; Плотность бумаги: 70; Линовка: линейка; Формат: А5";Moleskine;61.jpg;желтый
269234;Блокнот Moleskine Ruled Notebook Large Black;Офис и канцелярия->Канцелярия->Блокноты;1529,0;9;"Наличие карманов; Застежка/резинка; Переплет: твердый; Плотность бумаги: 70; Линовка: линейка; Формат: А5";Moleskine;62.jpg;
269234;Блокнот Moleskine Ruled Notebook Large Black;Офис и канцелярия->Канцелярия->Блокноты;1 529,0;2;"Наличие карманов; Застежка/резинка; Переплет: твердый; Плотность бумаги: 70; Линовка: линейка; Формат: А5";Moleskine;63.jpg;черный
805662;Блокнот Moleskine Ruled Notebook Extra Large;Офис и канцелярия->Канцелярия->Блокноты;1837,0;10;"Наличие карманов; Застежка/резинка; Переплет: твердый; Плотность бумаги: 70; Линовка: линейка; Формат: А5";Moleskine;64.jpg;
805662;Блокнот Moleskine Ruled Notebook Extra Large;Офис и канцелярия->Канцелярия->Блокноты;1 837,0;15;"Наличие карманов; Застежка/резинка; Переплет: твердый; Плотность бумаги: 70; Линовка: линейка; Формат: А5";Moleskine;65.jpg;черный
1196543;Блокнот Moleskine Rolling Stones Ruled Pink;Офис и канцелярия->Канцелярия->Блокноты;2139,5;15;"Наличие карманов; Застежка/резинка; Переплет: твердый; Линовка: линейка; Формат: А5";Moleskine;66.jpg;
1196543;Блокнот Moleskine Rolling Stones Ruled Pink;Офис и канцелярия->Канцелярия->Блокноты;2 139,5;2;"Наличие карманов; Застежка/резинка; Переплет: твердый; Линовка: линейка; Формат: А5";Moleskine;67.jpg;розовый
805685;Блокнот Moleskine Plain Notebook Large Sapphirine;Офис и канцелярия->Канцелярия->Блокноты;924,0;4;"Наличие карманов; Застежка/резинка; Переплет: твердый; Плотность бумаги: 70; Линовка: без линовки; Формат: А5";Moleskine;68.jpg;
805685;Блокнот Moleskine Plain Notebook Large Sapphirine;Офис и канцелярия->Канцелярия->Блокноты;924,0;4;"Наличие карманов; Застежка/резинка; Переплет: твердый; Плотность бумаги: 70; Линовка: без линовки; Формат: А5";Moleskine;69.jpg;синий
1196584;Блокнот Moleskine Minions Ruled Pocket Yellow;Офис и канцелярия->Канцелярия->Блокноты;1540,0;3;"Наличие карманов; Застежка/резинка; Переплет: твердый; Плотность бумаги: 70; Линовка: линейка; Формат: А6";Moleskine;70.jpg;
1196584;Блокнот Moleskine Minions Ruled Pocket Yellow;Офис и канцелярия->Канцелярия->Блокноты;1 540,0;12;"Наличие карманов; Застежка/резинка; Переплет: твердый; Плотность бумаги: 70; Линовка: линейка; Формат: А6";Moleskine;71.jpg;желтый
1196623;Блокнот Moleskine Keith Haring Ruled;Офис и канцелярия->Канцелярия->Блокноты;1991,0;12;"Наличие карманов; Застежка/резинка; Переплет: твердый; Плотность бумаги: 70; Линовка: линейка; Формат: А5";Moleskine;72.jpg;
1196623;Блокнот Moleskine Keith Haring Ruled;Офис и канцелярия->Канцелярия->Блокноты;1 991,0;13;"Наличие карманов; Застежка/резинка; Переплет: твердый; Плотность бумаги: 70; Линовка: линейка; Формат: А5";Moleskine;73.jpg;черный
809882;Блокнот Moleskine Dots Soft Notebook Small Black;Офис и канцелярия->Канцелярия->Блокноты;1155,0;5;"Наличие карманов; Застежка/резинка; Переплет: мягкий; Плотность бумаги: 70; Линовка: точка; Формат: А6";Moleskine;74.jpg;
809882;Блокнот Moleskine Dots Soft Notebook Small Black;Офис и канцелярия->Канцелярия->Блокноты;1 155,0;7;"Наличие карманов; Застежка/резинка; Переплет: мягкий; Плотность бумаги: 70; Линовка: точка; Формат: А6";Moleskine;75.jpg;черный
809188;Блокнот Moleskine Dots Notebook Large Black;Офис и канцелярия->Канцелярия->Блокноты;1529,0;8;"Наличие карманов; Застежка/резинка; Переплет: твердый; Плотность бумаги: 70; Линовка: точка; Формат: А5";Moleskine;76.jpg;
809188;Блокнот Moleskine Dots Notebook Large Black;Офис и канцелярия->Канцелярия->Блокноты;1 529,0;4;"Наличие карманов; Застежка/резинка; Переплет: твердый; Плотность бумаги: 70; Линовка: точка; Формат: А5";Moleskine;77.jpg;черный
809893;Блокнот Moleskine Dots Notebook Extra Large Black;Офис и канцелярия->Канцелярия->Блокноты;1837,0;11;"Наличие карманов; Застежка/резинка; Переплет: твердый; Плотность бумаги: 70; Линовка: точка; Формат: А5";Moleskine;78.jpg;
809893;Блокнот Moleskine Dots Notebook Extra Large Black;Офис и канцелярия->Канцелярия->Блокноты;1 837,0;9;"Наличие карманов; Застежка/резинка; Переплет: твердый; Плотность бумаги: 70; Линовка: точка; Формат: А5";Moleskine;79.jpg;черный
1196664;Блокнот Moleskine Denim Do Not Handle With Care Ruled;Офис и канцелярия->Канцелярия->Блокноты;1788,6;15;"Наличие карманов; Застежка/резинка; Материал обложки: ткань; Переплет: твердый; Плотность бумаги: 70; Линовка: линейка; Формат: А5";Moleskine;80.jpg;
1196664;Блокнот Moleskine Denim Do Not Handle With Care Ruled;Офис и канцелярия->Канцелярия->Блокноты;1 788,6;5;"Наличие карманов; Застежка/резинка; Материал обложки: ткань; Переплет: твердый; Плотность бумаги: 70; Линовка: линейка; Формат: А5";Moleskine;81.jpg;синий
1196712;Блокнот Moleskine Blend Ruled Notebook Green;Офис и канцелярия->Канцелярия->Блокноты;1837,0;3;"Наличие карманов; Застежка/резинка; Материал обложки: ткань; Переплет: твердый; Плотность бумаги: 70; Линовка: линейка; Формат: А5";Moleskine;82.jpg;
1196712;Блокнот Moleskine Blend Ruled Notebook Green;Офис и канцелярия->Канцелярия->Блокноты;1 837,0;2;"Наличие карманов; Застежка/резинка; Материал обложки: ткань; Переплет: твердый; Плотность бумаги: 70; Линовка: линейка; Формат: А5";Moleskine;83.jpg;зеленый
1010346;Ежедневник Moleskine PRO New Weekly Planner Soft Large Black;Офис и канцелярия->Канцелярия->Ежедневники;2288,0;2;"Наличие карманов; Застежка/резинка; Переплет: мягкий; Плотность бумаги: 70; Формат: A5; Тип: записная книжка";Moleskine;84.jpg;
1010346;Ежедневник Moleskine PRO New Weekly Planner Soft Large Black;Офис и канцелярия->Канцелярия->Ежедневники;2 288,0;8;"Наличие карманов; Застежка/резинка; Переплет: мягкий; Плотность бумаги: 70; Формат: A5; Тип: записная книжка";Moleskine;85.jpg;черный
729302;Ежедневник Moleskine PRO New Notebook Vinous;Офис и канцелярия->Канцелярия->Ежедневники;1837,0;3;"Наличие карманов; Застежка/резинка; Материал обложки: картон; Переплет: твердый; Плотность бумаги: 70; Формат: A5; Тип: записная книжка";Moleskine;86.jpg;
729302;Ежедневник Moleskine PRO New Notebook Vinous;Офис и канцелярия->Канцелярия->Ежедневники;1 837,0;4;"Наличие карманов; Застежка/резинка; Материал обложки: картон; Переплет: твердый; Плотность бумаги: 70; Формат: A5; Тип: записная книжка";Moleskine;87.jpg;бордовый
1293486;Ручка Parker Jotter F63 Stainless Steel CT;Офис и канцелярия->Канцелярия->Ручки;1056,0;12;"Материал корпуса: металл; Цвет чернил: синий; С футляром; Клипса; Тип ручки: перьевая";Parker;88.jpg;
1254434;Ручка Parker IM Core K321 Black GT;Офис и канцелярия->Канцелярия->Ручки;1246,3;6;"Материал корпуса: металл; Цвет чернил: черный; С футляром; Клипса; Авторучка; Тип ручки: шариковая";Parker;89.jpg;
1194758;Ручка Parker Jotter K63 Bond Street Black CT;Офис и канцелярия->Канцелярия->Ручки;999,9;6;"Материал корпуса: металл; Цвет чернил: синий; С футляром; Клипса; Авторучка; Тип ручки: шариковая";Parker;90.jpg;
1194862;Ручка Parker Jotter K63 Victoria Violet CT;Офис и канцелярия->Канцелярия->Ручки;1010,9;7;"Материал корпуса: металл; Цвет чернил: синий; С футляром; Клипса; Авторучка; Тип ручки: шариковая";Parker;91.jpg;
1254422;Ручка Parker IM Core F321 Dark Espresso CT;Офис и канцелярия->Канцелярия->Ручки;2307,8;5;"Материал корпуса: металл; Цвет чернил: черный; С футляром; Клипса; Тип ручки: перьевая";Parker;92.jpg;
1293572;Ручка Parker Jotter K63 Stainless Steel CT;Офис и канцелярия->Канцелярия->Ручки;1034,0;4;"Материал корпуса: металл; Цвет чернил: синий; С футляром; Клипса; Авторучка; Тип ручки: шариковая";Parker;93.jpg;
1254419;Ручка Parker IM Core F321 Metal GT;Офис и канцелярия->Канцелярия->Ручки;4015,0;6;"Материал корпуса: металл; Цвет чернил: черный; С футляром; Клипса; Тип ручки: перьевая";Parker;94.jpg;
1254401;Ручка Parker IM Core F321 Black CT;Офис и канцелярия->Канцелярия->Ручки;2649,9;6;"Материал корпуса: металл; Цвет чернил: черный; С футляром; Клипса; Тип ручки: перьевая";Parker;95.jpg;
871162;Ручка Parker Vector K03 Stainless Steel BP;Офис и канцелярия->Канцелярия->Ручки;1331,0;13;"Материал корпуса: металл; Цвет чернил: синий; Клипса; Авторучка; Тип ручки: шариковая";Parker;96.jpg;
1194856;Ручка Parker Jotter K63 Royal Blue CT;Офис и канцелярия->Канцелярия->Ручки;943,8;14;"Материал корпуса: металл; Цвет чернил: синий; С футляром; Клипса; Авторучка; Тип ручки: шариковая";Parker;97.jpg;
1293559;Ручка Parker Jotter K63 Stainless Steel GT;Офис и канцелярия->Канцелярия->Ручки;939,4;9;"Материал корпуса: металл; Цвет чернил: синий; С футляром; Клипса; Авторучка; Тип ручки: шариковая";Parker;98.jpg;
1254432;Ручка Parker IM Core K321 Black CT;Офис и канцелярия->Канцелярия->Ручки;1474,0;14;"Материал корпуса: металл; Цвет чернил: черный; С футляром; Клипса; Авторучка; Тип ручки: шариковая";Parker;99.jpg;
871121;Ручка Parker Urban K200 London Cab Black CT;Офис и канцелярия->Канцелярия->Ручки;2178,0;9;"Материал корпуса: металл; Цвет чернил: синий; С футляром; Клипса; Авторучка; Тип ручки: шариковая";Parker;100.jpg;
1239941;Ручка Parker Premier Luxury K565 Brown;Офис и канцелярия->Канцелярия->Ручки;21902,1;9;"Материал корпуса: металл; Цвет чернил: черный; С футляром; Клипса; Авторучка; Тип ручки: шариковая";Parker;101.jpg;
1194811;Ручка Parker Jotter Premium K177 Bond Street Black GT;Офис и канцелярия->Канцелярия->Ручки;1714,9;5;"Материал корпуса: пластик; Тип ручки: гелевая";Parker;102.jpg;
1194775;Ручка Parker Jotter K63 Chelsea Orange CT;Офис и канцелярия->Канцелярия->Ручки;1010,9;2;"Материал корпуса: металл; Цвет чернил: синий; С футляром; Клипса; Авторучка; Тип ручки: шариковая";Parker;103.jpg;
1293513;Ручка Parker IM Metal T223 Brushed Metal Gold GT;Офис и канцелярия->Канцелярия->Ручки;1802,9;15;"Материал корпуса: металл; Цвет чернил: черный; С футляром; Клипса; Тип ручки: гелевая";Parker;104.jpg;
1293753;Ручка Parker IM K321 Brushed Metal GT;Офис и канцелярия->Канцелярия->Ручки;1246,3;12;"Материал корпуса: металл; Цвет чернил: синий; С футляром; Клипса; Авторучка; Тип ручки: шариковая";Parker;105.jpg;
727719;Ручка Parker Urban F200 Muted Black GT;Офис и канцелярия->Канцелярия->Ручки;4532,0;7;"Материал корпуса: металл; Цвет чернил: синий; С футляром; Клипса; Тип ручки: перьевая";Parker;106.jpg;
1248125;Ручка Parker Sonnet T539 Red GT;Офис и канцелярия->Канцелярия->Ручки;6219,4;2;"Материал корпуса: металл; Цвет чернил: черный; С футляром; Клипса; Тип ручки: гелевая";Parker;107.jpg;
1248132;Ручка Parker Sonnet F539 Blue CT;Офис и канцелярия->Канцелярия->Ручки;11499,4;8;"Материал корпуса: металл; Цвет чернил: черный; С футляром; Клипса; Тип ручки: перьевая";Parker;108.jpg;
1194867;Ручка Parker Jotter K63 Waterloo Blue CT;Офис и канцелярия->Канцелярия->Ручки;999,9;8;"Материал корпуса: металл; Цвет чернил: синий; С футляром; Клипса; Авторучка; Тип ручки: шариковая";Parker;109.jpg;
1193559;Ручка Faber-Castell Ecco Pigment 0.4 Black;Офис и канцелярия->Канцелярия->Ручки;159,5;15;"Материал корпуса: пластик; Цвет чернил: черный; Клипса; Тип ручки: линер";Faber-Castell;110.jpg;
1193551;Ручка Faber-Castell Ecco Pigment 0.3 Black;Офис и канцелярия->Канцелярия->Ручки;159,5;2;"Материал корпуса: пластик; Цвет чернил: черный; Клипса; Тип ручки: линер";Faber-Castell;111.jpg;
871154;Ручка Parker Urban T200 Muted Black GT;Офис и канцелярия->Канцелярия->Ручки;2574,0;9;"Материал корпуса: пластик; Цвет чернил: синий; С футляром; Клипса; Тип ручки: шариковая";Parker;112.jpg;
1240211;Ручка Parker Urban Premium T311 Violet;Офис и канцелярия->Канцелярия->Ручки;3714,7;12;"Материал корпуса: металл; Цвет чернил: черный; С футляром; Клипса; Тип ручки: гелевая";Parker;113.jpg;
1240218;Ручка Parker Urban Premium T311 Orange;Офис и канцелярия->Канцелярия->Ручки;3714,7;14;"Материал корпуса: металл; Цвет чернил: черный; С футляром; Клипса; Тип ручки: гелевая";Parker;114.jpg;
1240203;Ручка Parker Urban Premium T311 Green;Офис и канцелярия->Канцелярия->Ручки;3714,7;9;"Материал корпуса: металл; Цвет чернил: черный; С футляром; Клипса; Тип ручки: гелевая";Parker;115.jpg;
1240156;Ручка Parker Urban Premium T310 Dark Purple;Офис и канцелярия->Канцелярия->Ручки;3714,7;6;"Материал корпуса: металл; Цвет чернил: черный; С футляром; Клипса; Тип ручки: гелевая";Parker;116.jpg;
1240154;Ручка Parker Urban Premium T310 Dark Blue;Офис и канцелярия->Канцелярия->Ручки;3714,7;9;"Материал корпуса: металл; Цвет чернил: черный; С футляром; Клипса; Тип ручки: гелевая";Parker;117.jpg;
1240020;Ручка Parker Urban Premium T206 Silver Blue;Офис и канцелярия->Канцелярия->Ручки;3055,8;2;"Материал корпуса: металл; С футляром; Клипса; Тип ручки: шариковая";Parker;118.jpg;
1240000;Ручка Parker Urban Premium T206 Amethyst Pearl;Офис и канцелярия->Канцелярия->Ручки;4235,0;3;"Материал корпуса: металл; С футляром; Клипса; Тип ручки: шариковая";Parker;119.jpg;
1239971;Ручка Parker Urban Premium T205 Yellow;Офис и канцелярия->Канцелярия->Ручки;3289,0;14;"Материал корпуса: металл; С футляром; Клипса; Тип ручки: гелевая";Parker;120.jpg;
1240090;Ручка Parker Urban Premium T204 Pink Metal;Офис и канцелярия->Канцелярия->Ручки;4235,0;13;"Материал корпуса: металл; Цвет чернил: синий; С футляром; Клипса; Тип ручки: гелевая";Parker;121.jpg;
1240062;Ручка Parker Urban Premium T204 Pearl Metal Chiselled;Офис и канцелярия->Канцелярия->Ручки;4235,0;6;"Материал корпуса: металл; Цвет чернил: синий; С футляром; Клипса; Тип ручки: гелевая";Parker;122.jpg;
1240078;Ручка Parker Urban Premium T204 Matte Black;Офис и канцелярия->Канцелярия->Ручки;5786,0;14;"Материал корпуса: металл; Цвет чернил: синий; С футляром; Клипса; Тип ручки: гелевая";Parker;123.jpg;
1240068;Ручка Parker Urban Premium T204 Ebony Metal Chiselled;Офис и канцелярия->Канцелярия->Ручки;4235,0;13;"Материал корпуса: металл; Цвет чернил: синий; С футляром; Клипса; Тип ручки: гелевая";Parker;124.jpg;
1240084;Ручка Parker Urban Premium T204 Brown;Офис и канцелярия->Канцелярия->Ручки;4235,0;12;"Материал корпуса: металл; Цвет чернил: синий; С футляром; Клипса; Тип ручки: гелевая";Parker;125.jpg;
1240230;Ручка Parker Urban Premium K311 Violet;Офис и канцелярия->Канцелярия->Ручки;2722,5;8;"Материал корпуса: металл; Цвет чернил: синий; С футляром; Клипса; Авторучка; Тип ручки: шариковая";Parker;126.jpg;
1240237;Ручка Parker Urban Premium K311 Orange;Офис и канцелярия->Канцелярия->Ручки;2722,5;10;"Материал корпуса: металл; Цвет чернил: синий; С футляром; Клипса; Авторучка; Тип ручки: шариковая";Parker;127.jpg;
1240223;Ручка Parker Urban Premium K311 Green;Офис и канцелярия->Канцелярия->Ручки;2722,5;8;"Материал корпуса: металл; Цвет чернил: синий; С футляром; Клипса; Авторучка; Тип ручки: шариковая";Parker;128.jpg;
1240164;Ручка Parker Urban Premium K310 Dark Purple;Офис и канцелярия->Канцелярия->Ручки;2722,5;14;"Материал корпуса: металл; Цвет чернил: черный; С футляром; Клипса; Авторучка; Тип ручки: шариковая";Parker;129.jpg;
1240159;Ручка Parker Urban Premium K310 Dark Blue;Офис и канцелярия->Канцелярия->Ручки;2722,5;9;"Материал корпуса: металл; Цвет чернил: черный; С футляром; Клипса; Авторучка; Тип ручки: шариковая";Parker;130.jpg;
1240010;Ручка Parker Urban Premium K206 Silver Blue;Офис и канцелярия->Канцелярия->Ручки;3322,0;10;"Материал корпуса: металл; С футляром; Клипса; Авторучка; Тип ручки: шариковая";Parker;131.jpg;
1239993;Ручка Parker Urban Premium K206 Golden Pearl;Офис и канцелярия->Канцелярия->Ручки;4543,0;10;"Материал корпуса: металл; С футляром; Клипса; Авторучка; Тип ручки: шариковая";Parker;132.jpg;
1239998;Ручка Parker Urban Premium K206 Amethyst Pearl;Офис и канцелярия->Канцелярия->Ручки;3322,0;12;"Материал корпуса: металл; С футляром; Клипса; Авторучка; Тип ручки: шариковая";Parker;133.jpg;
1240024;Ручка Parker Urban Premium K204 Pink Metal;Офис и канцелярия->Канцелярия->Ручки;2285,8;15;"Материал корпуса: металл; Цвет чернил: синий; С футляром; Клипса; Авторучка; Тип ручки: шариковая";Parker;134.jpg;
1240035;Ручка Parker Urban Premium K204 Pearl Metal Chiselled;Офис и канцелярия->Канцелярия->Ручки;3322,0;7;"Материал корпуса: металл; Цвет чернил: синий; С футляром; Клипса; Авторучка; Тип ручки: шариковая";Parker;135.jpg;
1240028;Ручка Parker Urban Premium K204 Matte Black;Офис и канцелярия->Канцелярия->Ручки;3322,0;15;"Материал корпуса: металл; Цвет чернил: синий; С футляром; Клипса; Авторучка; Тип ручки: шариковая";Parker;136.jpg;
727731;Ручка Parker Urban Premium K204 Ebony Metal Chiselled;Офис и канцелярия->Канцелярия->Ручки;4543,0;2;"Материал корпуса: металл; Цвет чернил: синий; С футляром; Клипса; Авторучка; Тип ручки: шариковая";Parker;137.jpg;
1240195;Ручка Parker Urban Premium F311 Violet;Офис и канцелярия->Канцелярия->Ручки;8030,0;2;"Материал корпуса: металл; Цвет чернил: черный; С футляром; Клипса; Тип ручки: перьевая";Parker;138.jpg;
1240191;Ручка Parker Urban Premium F311Green;Офис и канцелярия->Канцелярия->Ручки;8030,0;5;"Материал корпуса: металл; Цвет чернил: черный; С футляром; Клипса; Тип ручки: перьевая";Parker;139.jpg;
1240138;Ручка Parker Urban Premium F310 Dark Purple;Офис и канцелярия->Канцелярия->Ручки;8030,0;3;"Материал корпуса: металл; Цвет чернил: черный; С футляром; Клипса; Тип ручки: перьевая";Parker;140.jpg;
1240126;Ручка Parker Urban Premium F310 Dark Blue;Офис и канцелярия->Канцелярия->Ручки;8030,0;2;"Материал корпуса: металл; Цвет чернил: черный; С футляром; Клипса; Тип ручки: перьевая";Parker;141.jpg;
1240005;Ручка Parker Urban Premium F206 Silver Blue;Офис и канцелярия->Канцелярия->Ручки;3023,9;11;"Материал корпуса: металл; С футляром; Клипса; Тип ручки: перьевая";Parker;142.jpg;
1239980;Ручка Parker Urban Premium F206 Golden Pearl;Офис и канцелярия->Канцелярия->Ручки;7359,0;6;"Материал корпуса: металл; С футляром; Клипса; Тип ручки: перьевая";Parker;143.jpg;
1239995;Ручка Parker Urban Premium F206 Amethyst Pearl;Офис и канцелярия->Канцелярия->Ручки;4226,2;6;"Материал корпуса: металл; С футляром; Клипса; Тип ручки: перьевая";Parker;144.jpg;
1239965;Ручка Parker Urban Premium F205 Yellow;Офис и канцелярия->Канцелярия->Ручки;3185,6;6;"Материал корпуса: металл; С футляром; Клипса; Тип ручки: перьевая";Parker;145.jpg;
1240059;Ручка Parker Urban Premium F204 Pink Metal;Офис и канцелярия->Канцелярия->Ручки;3682,8;13;"Материал корпуса: металл; Цвет чернил: черный; С футляром; Клипса; Тип ручки: перьевая";Parker;146.jpg;
1240038;Ручка Parker Urban Premium F204 Pearl Metal Chise;Офис и канцелярия->Канцелярия->Ручки;7370,0;8;"Материал корпуса: металл; Цвет чернил: черный; С футляром; Клипса; Тип ручки: перьевая";Parker;147.jpg;
1240043;Ручка Parker Urban Premium F204 Matte Black;Офис и канцелярия->Канцелярия->Ручки;7370,0;5;"Материал корпуса: металл; Цвет чернил: черный; С футляром; Клипса; Тип ручки: перьевая";Parker;148.jpg;
1240052;Ручка Parker Urban Premium F204 Brown;Офис и канцелярия->Канцелярия->Ручки;7370,0;13;"Материал корпуса: металл; Цвет чернил: черный; С футляром; Клипса; Тип ручки: перьевая";Parker;149.jpg;
727702;Ручка Parker Urban K200 Muted Black CT;Офис и канцелярия->Канцелярия->Ручки;2178,0;2;"Материал корпуса: металл; Цвет чернил: синий; С футляром; Клипса; Авторучка; Тип ручки: шариковая";Parker;150.jpg;
871145;Ручка Parker Urban K200 Metro Metallic;Офис и канцелярия->Канцелярия->Ручки;2178,0;5;"Материал корпуса: металл; Цвет чернил: синий; С футляром; Клипса; Авторучка; Тип ручки: шариковая";Parker;151.jpg;
1248123;Ручка Parker Sonnet T539 Blue CT;Офис и канцелярия->Канцелярия->Ручки;6219,4;13;"Материал корпуса: металл; Цвет чернил: черный; С футляром; Клипса; Тип ручки: гелевая";Parker;152.jpg;
1294022;Ручка Parker Sonnet T529 Matte Black Lacquer CT;Офис и канцелярия->Канцелярия->Ручки;5927,9;8;"Материал корпуса: металл; Цвет чернил: черный; С футляром; Клипса; Тип ручки: гелевая";Parker;153.jpg;
1293994;Ручка Parker Sonnet T528 Matte Black Lacquer GT;Офис и канцелярия->Канцелярия->Ручки;5520,9;2;"Материал корпуса: металл; Цвет чернил: черный; С футляром; Клипса; Тип ручки: гелевая";Parker;154.jpg;
1293655;Ручка Parker Sonnet T527 Stainless Steel GT;Офис и канцелярия->Канцелярия->Ручки;4899,4;11;"Материал корпуса: металл; Цвет чернил: черный; С футляром; Клипса; Тип ручки: гелевая";Parker;155.jpg;
1293648;Ручка Parker Sonnet T526 Stainless Steel CT;Офис и канцелярия->Канцелярия->Ручки;4899,4;5;"Материал корпуса: металл; Цвет чернил: черный; С футляром; Клипса; Тип ручки: гелевая";Parker;156.jpg;
1248205;Ручка Parker Sonnet Premium T540 Pearl White GT;Офис и канцелярия->Канцелярия->Ручки;12947,0;7;"Материал корпуса: металл; Цвет чернил: черный; С футляром; Клипса; Тип ручки: гелевая";Parker;157.jpg;
1248201;Ручка Parker Sonnet Premium T540 Pearl Metal CT;Офис и канцелярия->Канцелярия->Ручки;9813,1;4;"Материал корпуса: металл; Цвет чернил: черный; С футляром; Клипса; Тип ручки: гелевая";Parker;158.jpg;
1248233;Ручка Parker Sonnet Premium T540 Pearl GT;Офис и канцелярия->Канцелярия->Ручки;8167,5;4;"Материал корпуса: металл; Цвет чернил: черный; С футляром; Клипса; Тип ручки: гелевая";Parker;159.jpg;
1248219;Ручка Parker Sonnet Premium T540 Gold CT;Офис и канцелярия->Канцелярия->Ручки;8167,5;6;"Материал корпуса: металл; Цвет чернил: черный; С футляром; Клипса; Тип ручки: гелевая";Parker;160.jpg;
1248251;Ручка Parker Sonnet Premium T535 Silver CT;Офис и канцелярия->Канцелярия->Ручки;22605,0;12;"Материал корпуса: металл; Цвет чернил: черный; С футляром; Клипса; Тип ручки: перьевая";Parker;161.jpg;
1248240;Ручка Parker Sonnet Premium T535 Feminine Silver GT;Офис и канцелярия->Канцелярия->Ручки;22605,0;9;"Материал корпуса: металл; Цвет чернил: черный; С футляром; Клипса; Тип ручки: перьевая";Parker;162.jpg;
1248110;Ручка Parker Sonnet Premium T531 Dark Grey GT;Офис и канцелярия->Канцелярия->Ручки;12650,0;9;"Материал корпуса: металл; Цвет чернил: черный; С футляром; Клипса; Тип ручки: гелевая";Parker;163.jpg;
1248085;Ручка Parker Sonnet Premium T531 Dark Grey CT;Офис и канцелярия->Канцелярия->Ручки;9251,0;14;"Материал корпуса: металл; Цвет чернил: черный; С футляром; Клипса; Тип ручки: гелевая";Parker;164.jpg;
1248061;Ручка Parker Sonnet Premium T531 Chiselled Brown;Офис и канцелярия->Канцелярия->Ручки;9813,1;6;"Материал корпуса: металл; Цвет чернил: черный; С футляром; Клипса; Тип ручки: гелевая";Parker;165.jpg;
1248208;Ручка Parker Sonnet Premium K540 Pearl White GT;Офис и канцелярия->Канцелярия->Ручки;7986,0;7;"Материал корпуса: металл; Цвет чернил: черный; С футляром; Клипса; Авторучка; Тип ручки: шариковая";Parker;166.jpg;
1248203;Ручка Parker Sonnet Premium K540 Pearl Metal CT;Офис и канцелярия->Канцелярия->Ручки;8977,1;13;"Материал корпуса: металл; Цвет чернил: черный; С футляром; Клипса; Авторучка; Тип ручки: шариковая";Parker;167.jpg;
1248235;Ручка Parker Sonnet Premium K540 Pearl GT;Офис и канцелярия->Канцелярия->Ручки;9097,0;13;"Материал корпуса: металл; Цвет чернил: черный; С футляром; Клипса; Авторучка; Тип ручки: шариковая";Parker;168.jpg;
1248223;Ручка Parker Sonnet Premium K540 Gold CT;Офис и канцелярия->Канцелярия->Ручки;9097,0;8;"Материал корпуса: металл; Цвет чернил: черный; С футляром; Клипса; Авторучка; Тип ручки: шариковая";Parker;169.jpg;
1248258;Ручка Parker Sonnet Premium K535 Silver CT;Офис и канцелярия->Канцелярия->Ручки;25520,0;10;"Материал корпуса: металл; Цвет чернил: черный; С футляром; Клипса; Авторучка; Тип ручки: шариковая";Parker;170.jpg;
1248244;Ручка Parker Sonnet Premium K535 Feminine Silver GT;Офис и канцелярия->Канцелярия->Ручки;18656,0;5;"Материал корпуса: металл; Цвет чернил: черный; С футляром; Клипса; Авторучка; Тип ручки: шариковая";Parker;171.jpg;
1248116;Ручка Parker Sonnet Premium K531 Dark Grey GT;Офис и канцелярия->Канцелярия->Ручки;6724,3;8;"Материал корпуса: металл; Цвет чернил: черный; С футляром; Клипса; Авторучка; Тип ручки: шариковая";Parker;172.jpg;
1248091;Ручка Parker Sonnet Premium K531 Dark Grey CT;Офис и канцелярия->Канцелярия->Ручки;10681,0;13;"Материал корпуса: металл; Цвет чернил: черный; С футляром; Клипса; Авторучка; Тип ручки: шариковая";Parker;173.jpg;
1248069;Ручка Parker Sonnet Premium K531 Chiselled Brown;Офис и канцелярия->Канцелярия->Ручки;7665,9;2;"Материал корпуса: металл; Цвет чернил: черный; С футляром; Клипса; Авторучка; Тип ручки: шариковая";Parker;174.jpg;
1248193;Ручка Parker Sonnet Premium F540 Pearl White GT;Офис и канцелярия->Канцелярия->Ручки;22770,0;13;"Материал корпуса: металл; Цвет чернил: черный; С футляром; Клипса; Тип ручки: перьевая";Parker;175.jpg;
1248230;Ручка Parker Sonnet Premium F540 Pearl GT;Офис и канцелярия->Канцелярия->Ручки;25080,0;4;"Материал корпуса: металл; Цвет чернил: черный; С футляром; Клипса; Тип ручки: перьевая";Parker;176.jpg;
1248213;Ручка Parker Sonnet Premium F540 Gold CT;Офис и канцелярия->Канцелярия->Ручки;14396,8;15;"Материал корпуса: металл; Цвет чернил: черный; С футляром; Клипса; Тип ручки: перьевая";Parker;177.jpg;
1248239;Ручка Parker Sonnet Premium F535 Feminine Silver GT;Офис и канцелярия->Канцелярия->Ручки;42240,0;9;"Материал корпуса: металл; Цвет чернил: черный; С футляром; Клипса; Тип ручки: перьевая";Parker;178.jpg;
1248048;Ручка Parker Sonnet Premium F531 Masculine Brown;Офис и канцелярия->Канцелярия->Ручки;22440,0;9;"Материал корпуса: металл; Цвет чернил: черный; С футляром; Клипса; Тип ручки: перьевая";Parker;179.jpg;
1248105;Ручка Parker Sonnet Premium F531 Dark Grey GT;Офис и канцелярия->Канцелярия->Ручки;12892,0;14;"Материал корпуса: металл; Цвет чернил: черный; С футляром; Клипса; Тип ручки: перьевая";Parker;180.jpg;
1248080;Ручка Parker Sonnet Premium F531 Dark Grey CT;Офис и канцелярия->Канцелярия->Ручки;22440,0;15;"Материал корпуса: металл; Цвет чернил: черный; С футляром; Клипса; Тип ручки: перьевая";Parker;181.jpg;
1248056;Ручка Parker Sonnet Premium F531Chiselled Brown;Офис и канцелярия->Канцелярия->Ручки;13080,1;6;"Материал корпуса: металл; Цвет чернил: черный; С футляром; Клипса; Тип ручки: перьевая";Parker;182.jpg;
1239908;Ручка Parker Sonnet K539 Red GT;Офис и канцелярия->Канцелярия->Ручки;6468,0;11;"Материал корпуса: металл; Цвет чернил: черный; С футляром; Клипса; Авторучка; Тип ручки: шариковая";Parker;183.jpg;
1248143;Ручка Parker Sonnet K539 Intense Red GT;Офис и канцелярия->Канцелярия->Ручки;4899,4;14;"Материал корпуса: металл; Цвет чернил: черный; С футляром; Клипса; Авторучка; Тип ручки: шариковая";Parker;184.jpg;
1248129;Ручка Parker Sonnet K539 Blue GT;Офис и канцелярия->Канцелярия->Ручки;4900,5;5;"Материал корпуса: металл; Цвет чернил: черный; С футляром; Клипса; Авторучка; Тип ручки: шариковая";Parker;185.jpg;
1293970;Ручка Parker Sonnet K530 Black Lacquer GT;Офис и канцелярия->Канцелярия->Ручки;4837,8;13;"Материал корпуса: металл; Цвет чернил: черный; С футляром; Клипса; Авторучка; Тип ручки: шариковая";Parker;186.jpg;
1293976;Ручка Parker Sonnet K530 Black Lacquer CT;Офис и канцелярия->Канцелярия->Ручки;4899,4;4;"Материал корпуса: металл; Цвет чернил: черный; С футляром; Клипса; Авторучка; Тип ручки: шариковая";Parker;187.jpg;
1293965;Ручка Parker Sonnet K529 Matte Black Lacquer CT;Офис и канцелярия->Канцелярия->Ручки;4900,5;12;"Материал корпуса: металл; Цвет чернил: черный; С футляром; Клипса; Авторучка; Тип ручки: шариковая";Parker;188.jpg;
1293956;Ручка Parker Sonnet K528 Matte Black Lacquer GT;Офис и канцелярия->Канцелярия->Ручки;4900,5;5;"Материал корпуса: металл; Цвет чернил: черный; С футляром; Клипса; Тип ручки: шариковая";Parker;189.jpg;
1293640;Ручка Parker Sonnet K527 Stainless Steel GT;Офис и канцелярия->Канцелярия->Ручки;3872,0;4;"Материал корпуса: металл; Цвет чернил: черный; С футляром; Клипса; Авторучка; Тип ручки: шариковая";Parker;190.jpg;
1293628;Ручка Parker Sonnet K526 Stainless Steel CT;Офис и канцелярия->Канцелярия->Ручки;3872,0;9;"Материал корпуса: металл; Цвет чернил: черный; С футляром; Клипса; Авторучка; Тип ручки: шариковая";Parker;191.jpg;
1293945;Ручка Parker Sonnet K439 Red Lacquer GT;Офис и канцелярия->Канцелярия->Ручки;4900,5;13;"Материал корпуса: металл; Цвет чернил: черный; С футляром; Клипса; Авторучка; Тип ручки: шариковая";Parker;192.jpg;
1293741;Ручка Parker Sonnet K439 Blue Lacquer CT;Офис и канцелярия->Канцелярия->Ручки;4900,5;14;"Материал корпуса: металл; Цвет чернил: черный; С футляром; Клипса; Авторучка; Тип ручки: шариковая";Parker;193.jpg;
1293670;Ручка Parker Sonnet K430 Black Lacquer GT;Офис и канцелярия->Канцелярия->Ручки;4900,5;15;"Материал корпуса: металл; Цвет чернил: черный; С футляром; Клипса; Авторучка; Тип ручки: шариковая";Parker;194.jpg;
1293678;Ручка Parker Sonnet K430 Black Lacquer CT;Офис и канцелярия->Канцелярия->Ручки;4837,8;6;"Материал корпуса: металл; Цвет чернил: черный; С футляром; Клипса; Авторучка; Тип ручки: шариковая";Parker;195.jpg;
1293610;Ручка Parker Sonnet K429 Matte Black Lacquer CT;Офис и канцелярия->Канцелярия->Ручки;4900,5;9;"Материал корпуса: металл; Цвет чернил: черный; С футляром; Клипса; Авторучка; Тип ручки: шариковая";Parker;196.jpg;
1293600;Ручка Parker Sonnet K428 Matte Black Lacquer GT;Офис и канцелярия->Канцелярия->Ручки;4900,5;3;"Материал корпуса: металл; Цвет чернил: черный; С футляром; Клипса; Авторучка; Тип ручки: шариковая";Parker;197.jpg;
1293477;Ручка Parker Sonnet K427 Slim Stainless Steel GT;Офис и канцелярия->Канцелярия->Ручки;3872,0;8;"Материал корпуса: металл; Цвет чернил: черный; С футляром; Клипса; Авторучка; Тип ручки: шариковая";Parker;198.jpg;
1293469;Ручка Parker Sonnet K426 Slim Stainless Steel CT;Офис и канцелярия->Канцелярия->Ручки;3872,0;15;"Материал корпуса: металл; Цвет чернил: черный; С футляром; Клипса; Авторучка; Тип ручки: шариковая";Parker;199.jpg;
1239911;Ручка Parker Sonnet F539 Red GT;Офис и канцелярия->Канцелярия->Ручки;20020,0;14;"Материал корпуса: металл; Цвет чернил: черный; С футляром; Клипса; Тип ручки: перьевая";Parker;200.jpg;
1248138;Ручка Parker Sonnet F539 Intense Red GT;Офис и канцелярия->Канцелярия->Ручки;11672,1;2;"Материал корпуса: металл; Цвет чернил: черный; С футляром; Клипса; Тип ручки: перьевая";Parker;201.jpg;
1239957;Ручка Parker Premier T560 Soft Brown;Офис и канцелярия->Канцелярия->Ручки;13527,8;11;"Материал корпуса: металл; Цвет чернил: черный; С футляром; Клипса; Тип ручки: гелевая";Parker;202.jpg;
1239931;Ручка Parker Premier Luxury T565 Brown;Офис и канцелярия->Канцелярия->Ручки;22602,8;12;"Материал корпуса: металл; Цвет чернил: черный; С футляром; Клипса; Тип ручки: гелевая";Parker;203.jpg;
1239949;Ручка Parker Premier Luxury T565 Black;Офис и канцелярия->Канцелярия->Ручки;22602,8;4;"Материал корпуса: металл; Цвет чернил: черный; С футляром; Клипса; Тип ручки: гелевая";Parker;204.jpg;
1239950;Ручка Parker Premier Luxury K565 Black;Офис и канцелярия->Канцелярия->Ручки;20053,0;12;"Материал корпуса: металл; Цвет чернил: черный; С футляром; Клипса; Авторучка; Тип ручки: шариковая";Parker;205.jpg;
1239921;Ручка Parker Premier Luxury F565 Brown;Офис и канцелярия->Канцелярия->Ручки;51370,0;13;"Материал корпуса: металл; Цвет чернил: черный; С футляром; Клипса; Тип ручки: перьевая";Parker;206.jpg;
1239946;Ручка Parker Premier Luxury F565 Black;Офис и канцелярия->Канцелярия->Ручки;29494,3;2;"Материал корпуса: металл; Цвет чернил: черный; С футляром; Клипса; Тип ручки: перьевая";Parker;207.jpg;
999953;Ручка Parker Premier K560 Soft Brown;Офис и канцелярия->Канцелярия->Ручки;14564,0;8;"Материал корпуса: металл; Цвет чернил: черный; С футляром; Клипса; Авторучка; Тип ручки: шариковая";Parker;208.jpg;
1248246;Ручка Parker Parker Sonnet Premium F535 Silver CT;Офис и канцелярия->Канцелярия->Ручки;42240,0;4;"Материал корпуса: металл; Цвет чернил: черный; С футляром; Клипса; Тип ручки: перьевая";Parker;209.jpg;
1194838;Ручка Parker Jotter Premium Tower Grey Diagonal CT;Офис и канцелярия->Канцелярия->Ручки;1292,5;9;"Материал корпуса: металл; Цвет чернил: синий; С футляром; Клипса; Авторучка; Тип ручки: шариковая";Parker;210.jpg;
1194834;Ручка Parker Jotter Premium Stainless Steel Diagonal CT;Офис и канцелярия->Канцелярия->Ручки;2321,0;5;"Материал корпуса: металл; Цвет чернил: синий; С футляром; Клипса; Авторучка; Тип ручки: шариковая";Parker;211.jpg;
1194825;Ручка Parker Jotter Premium Oxford Grey Pinstripe CT;Офис и канцелярия->Канцелярия->Ручки;1285,9;14;"Материал корпуса: металл; Цвет чернил: синий; С футляром; Клипса; Авторучка; Тип ручки: шариковая";Parker;212.jpg;
1194818;Ручка Parker Jotter Premium K177 West End Brushed GT;Офис и канцелярия->Канцелярия->Ручки;2068,0;11;"Материал корпуса: металл; Цвет чернил: синий; С футляром; Клипса; Авторучка; Тип ручки: шариковая";Parker;213.jpg;
1293418;Ручка Parker Jotter Premium K176 Stainless Steel CT;Офис и канцелярия->Канцелярия->Ручки;1285,9;6;"Материал корпуса: пластик; Цвет чернил: синий; С футляром; Клипса; Авторучка; Тип ручки: шариковая";Parker;214.jpg;
1194807;Ручка Parker Jotter Premium Carlisle Brown Pinstripe CT;Офис и канцелярия->Канцелярия->Ручки;1294,7;6;"Материал корпуса: металл; Цвет чернил: синий; С футляром; Клипса; Авторучка; Тип ручки: шариковая";Parker;215.jpg;
1194798;Ручка Parker Jotter Premium Bond Street Black Grid CT;Офис и канцелярия->Канцелярия->Ручки;1292,5;7;"Материал корпуса: металл; Цвет чернил: синий; С футляром; Клипса; Авторучка; Тип ручки: шариковая";Parker;216.jpg;
1194792;Ручка Parker Jotter K63 Portobello Purple CT;Офис и канцелярия->Канцелярия->Ручки;998,8;13;"Материал корпуса: металл; Цвет чернил: синий; С футляром; Клипса; Авторучка; Тип ручки: шариковая";Parker;217.jpg;
1194784;Ручка Parker Jotter K63 Kensington Red CT;Офис и канцелярия->Канцелярия->Ручки;847,0;10;"Материал корпуса: металл; Цвет чернил: синий; С футляром; Клипса; Авторучка; Тип ручки: шариковая";Parker;218.jpg;
1239916;Ручка Parker Jotter K173 Historical Yellow;Офис и канцелярия->Канцелярия->Ручки;1045,0;10;"Материал корпуса: металл; Цвет чернил: синий; С футляром; Клипса; Авторучка; Тип ручки: шариковая";Parker;219.jpg;
1239915;Ручка Parker Jotter K173 Historical Orange;Офис и канцелярия->Канцелярия->Ручки;1419,0;9;"Материал корпуса: металл; Цвет чернил: синий; С футляром; Клипса; Авторучка; Тип ручки: шариковая";Parker;220.jpg;
1239903;Ручка Parker Ingenuity S F503 Ring Taupe;Офис и канцелярия->Канцелярия->Ручки;12221,0;5;"Материал корпуса: металл; Цвет чернил: черный; С футляром; Клипса; Тип ручки: линер";Parker;221.jpg;
1293768;Ручка Parker IM T321 Matte Blue CT;Офис и канцелярия->Канцелярия->Ручки;1730,3;2;"Материал корпуса: металл; Цвет чернил: синий; С футляром; Клипса; Тип ручки: гелевая";Parker;222.jpg;
1294112;Ручка Parker IM T321 Light Purple CT;Офис и канцелярия->Канцелярия->Ручки;1470,7;9;"Материал корпуса: металл; Цвет чернил: черный; С футляром; Клипса; Тип ручки: гелевая";Parker;223.jpg;
1293779;Ручка Parker IM T321 Light Blue Grey CT;Офис и канцелярия->Канцелярия->Ручки;1729,2;5;"Материал корпуса: металл; Цвет чернил: черный; С футляром; Клипса; Тип ручки: гелевая";Parker;224.jpg;
1294124;Ручка Parker IM T321 Lacquer Black GT;Офис и канцелярия->Канцелярия->Ручки;1730,3;2;"Материал корпуса: металл; Цвет чернил: черный; С футляром; Клипса; Тип ручки: гелевая";Parker;225.jpg;
1294121;Ручка Parker IM T321 Lacquer Black CT;Офис и канцелярия->Канцелярия->Ручки;1730,3;7;"Материал корпуса: металл; Цвет чернил: черный; С футляром; Клипса; Тип ручки: гелевая";Parker;226.jpg;
1293791;Ручка Parker IM T321 Dark Espresso CT;Офис и канцелярия->Канцелярия->Ручки;1730,3;10;"Материал корпуса: металл; Цвет чернил: черный; С футляром; Клипса; Тип ручки: гелевая";Parker;227.jpg;
1293784;Ручка Parker IM T321 Brushed Metal GT;Офис и канцелярия->Канцелярия->Ручки;1730,3;14;"Материал корпуса: металл; Цвет чернил: черный; С футляром; Клипса; Тип ручки: гелевая";Parker;228.jpg;
1294128;Ручка Parker IM T221 Blue CT;Офис и канцелярия->Канцелярия->Ручки;1500,4;11;"Материал корпуса: металл; Цвет чернил: синий; С футляром; Клипса; Тип ручки: гелевая";Parker;229.jpg;
1293448;Ручка Parker IM Premium Vacumatic T224 Emerald Pearl F;Офис и канцелярия->Канцелярия->Ручки;3267,0;6;"Материал корпуса: металл; Цвет чернил: черный; С футляром; Клипса; Тип ручки: гелевая";Parker;230.jpg;
1293530;Ручка Parker IM Premium Vacumatic F224 Emerald Pearl CT;Офис и канцелярия->Канцелярия->Ручки;5676,0;2;"Материал корпуса: металл; Цвет чернил: синий; С футляром; Клипса; Тип ручки: перьевая";Parker;231.jpg;
1293914;Ручка Parker IM Premium T324 Dark Violet CT;Офис и канцелярия->Канцелярия->Ручки;2964,5;9;"Материал корпуса: металл; Цвет чернил: черный; С футляром; Клипса; Тип ручки: гелевая";Parker;232.jpg;
1294161;Ручка Parker IM Premium T324 Brown CT;Офис и канцелярия->Канцелярия->Ручки;2964,5;9;"Материал корпуса: металл; Цвет чернил: черный; С футляром; Клипса; Тип ручки: гелевая";Parker;233.jpg;
1294156;Ручка Parker IM Premium T323 Warm Silver GT;Офис и канцелярия->Канцелярия->Ручки;2963,4;11;"Материал корпуса: металл; Цвет чернил: черный; С футляром; Клипса; Тип ручки: гелевая";Parker;234.jpg;
1294158;Ручка Parker IM Premium T323 Pale Green CT;Офис и канцелярия->Канцелярия->Ручки;2964,5;13;"Материал корпуса: металл; Цвет чернил: черный; С футляром; Клипса; Тип ручки: гелевая";Parker;235.jpg;
1293659;Ручка Parker IM Premium T322 Dark Espresso CT;Офис и канцелярия->Канцелярия->Ручки;2962,3;5;"Материал корпуса: металл; Цвет чернил: черный; С футляром; Клипса; Тип ручки: гелевая";Parker;236.jpg;
1294148;Ручка Parker IM Premium T322 Blue CT;Офис и канцелярия->Канцелярия->Ручки;2964,5;10;"Материал корпуса: металл; Цвет чернил: синий; С футляром; Клипса; Тип ручки: гелевая";Parker;237.jpg;
1293881;Ручка Parker IM Premium T224 Pink Pearl CT;Офис и канцелярия->Канцелярия->Ручки;3267,0;8;"Материал корпуса: металл; Цвет чернил: черный; С футляром; Клипса; Тип ручки: гелевая";Parker;238.jpg;
1293909;Ручка Parker IM Premium T224 Brown Shadow CT;Офис и канцелярия->Канцелярия->Ручки;2468,4;4;"Материал корпуса: металл; Цвет чернил: синий; С футляром; Клипса; Тип ручки: гелевая";Parker;239.jpg;
1293868;Ручка Parker IM Premium K324 Dark Violet CT;Офис и канцелярия->Канцелярия->Ручки;2007,5;8;"Материал корпуса: металл; Цвет чернил: синий; С футляром; Клипса; Авторучка; Тип ручки: шариковая";Parker;240.jpg;
1294146;Ручка Parker IM Premium K324 Brown CT;Офис и канцелярия->Канцелярия->Ручки;2651,0;12;"Материал корпуса: металл; Цвет чернил: синий; С футляром; Клипса; Авторучка; Тип ручки: шариковая";Parker;241.jpg;
1294138;Ручка Parker IM Premium K323 Grey GT;Офис и канцелярия->Канцелярия->Ручки;2651,0;11;"Материал корпуса: металл; Цвет чернил: синий; С футляром; Клипса; Авторучка; Тип ручки: шариковая";Parker;242.jpg;
1294143;Ручка Parker IM Premium K323 Green CT;Офис и канцелярия->Канцелярия->Ручки;2651,0;10;"Материал корпуса: металл; Цвет чернил: синий; С футляром; Клипса; Авторучка; Тип ручки: гелевая";Parker;243.jpg;
1294164;Ручка Parker IM Premium K323 Black GT;Офис и канцелярия->Канцелярия->Ручки;2649,9;12;"Материал корпуса: металл; Цвет чернил: синий; С футляром; Клипса; Авторучка; Тип ручки: шариковая";Parker;244.jpg;
1293834;Ручка Parker IM Premium K322 Dark Espresso CT;Офис и канцелярия->Канцелярия->Ручки;2226,4;15;"Материал корпуса: металл; Цвет чернил: синий; С футляром; Клипса; Авторучка; Тип ручки: шариковая";Parker;245.jpg;
1294134;Ручка Parker IM Premium K322 Blue CT;Офис и канцелярия->Канцелярия->Ручки;2226,4;11;"Материал корпуса: металл; Цвет чернил: синий; С футляром; Клипса; Авторучка; Тип ручки: шариковая";Parker;246.jpg;
1294106;Ручка Parker IM Premium K224 Pink Pearl CT;Офис и канцелярия->Канцелярия->Ручки;2196,7;4;"Материал корпуса: металл; Цвет чернил: синий; С футляром; Клипса; Авторучка; Тип ручки: шариковая";Parker;247.jpg;
1293820;Ручка Parker IM Premium F324 Dark Violet CT;Офис и канцелярия->Канцелярия->Ручки;3850,0;9;"Материал корпуса: металл; Цвет чернил: синий; С футляром; Клипса; Тип ручки: перьевая";Parker;248.jpg;
1294101;Ручка Parker IM Premium F324 Brown CT;Офис и канцелярия->Канцелярия->Ручки;6688,0;10;"Материал корпуса: металл; Цвет чернил: синий; С футляром; Клипса; Тип ручки: шариковая";Parker;249.jpg;
1294097;Ручка Parker IM Premium F323 Warm Silver GT;Офис и канцелярия->Канцелярия->Ручки;6688,0;15;"Материал корпуса: металл; Цвет чернил: синий; С футляром; Клипса; Тип ручки: перьевая";Parker;250.jpg;
1294037;Ручка Parker IM Premium F323 Pale Green CT;Офис и канцелярия->Канцелярия->Ручки;6688,0;11;"Материал корпуса: металл; Цвет чернил: синий; С футляром; Клипса; Тип ручки: перьевая";Parker;251.jpg;
1294060;Ручка Parker IM Premium F323 Black GT;Офис и канцелярия->Канцелярия->Ручки;4464,9;8;"Материал корпуса: металл; Цвет чернил: синий; С футляром; Клипса; Тип ручки: перьевая";Parker;252.jpg;
1293545;Ручка Parker IM Premium F322 Dark Espresso CT;Офис и канцелярия->Канцелярия->Ручки;6688,0;14;"Материал корпуса: металл; Цвет чернил: синий; С футляром; Клипса; Тип ручки: перьевая";Parker;253.jpg;
1294030;Ручка Parker IM Premium F322 Blue CT;Офис и канцелярия->Канцелярия->Ручки;6688,0;7;"Материал корпуса: металл; Цвет чернил: синий; С футляром; Клипса; Тип ручки: перьевая";Parker;254.jpg;
1293807;Ручка Parker IM Premium F224 Pink Pearl CT;Офис и канцелярия->Канцелярия->Ручки;3260,4;11;"Материал корпуса: металл; Цвет чернил: синий; С футляром; Клипса; Тип ручки: перьевая";Parker;255.jpg;
1293929;Ручка Parker IM Premium F224 Brown Shadow CT;Офис и канцелярия->Канцелярия->Ручки;3260,4;2;"Материал корпуса: металл; Цвет чернил: синий; С футляром; Клипса; Тип ручки: перьевая";Parker;256.jpg;
727582;Ручка Parker IM Premium Dark Gun Metal Chiselled BP;Офис и канцелярия->Канцелярия->Ручки;2508,0;4;"Материал корпуса: металл; Цвет чернил: черный; С футляром; Клипса; Авторучка; Тип ручки: шариковая";Parker;257.jpg;
1294115;Ручка Parker IM K321 White CT;Офис и канцелярия->Канцелярия->Ручки;1246,3;8;"Материал корпуса: металл; Цвет чернил: синий; С футляром; Клипса; Тип ручки: шариковая";Parker;258.jpg;
1293761;Ручка Parker IM K321 Dark Espresso CT;Офис и канцелярия->Канцелярия->Ручки;1246,3;4;"Материал корпуса: металл; Цвет чернил: синий; С футляром; Клипса; Авторучка; Тип ручки: шариковая";Parker;259.jpg;
1254435;Ручка Parker IM Core K321Matte Blue CT;Офис и канцелярия->Канцелярия->Ручки;1246,3;6;"Материал корпуса: металл; Цвет чернил: черный; С футляром; Клипса; Авторучка; Тип ручки: шариковая";Parker;260.jpg;
1254429;Ручка Parker IM Core K321 Light Purple CT;Офис и канцелярия->Канцелярия->Ручки;1246,3;4;"Материал корпуса: металл; Цвет чернил: черный; С футляром; Клипса; Авторучка; Тип ручки: шариковая";Parker;261.jpg;
1254438;Ручка Parker IM Core K321 Light Blue Grey CT;Офис и канцелярия->Канцелярия->Ручки;1246,3;4;"Материал корпуса: металл; Цвет чернил: черный; С футляром; Клипса; Авторучка; Тип ручки: шариковая";Parker;262.jpg;
1254427;Ручка Parker IM Core F321 White CT;Офис и канцелярия->Канцелярия->Ручки;2307,8;13;"Материал корпуса: металл; Цвет чернил: черный; С футляром; Клипса; Тип ручки: перьевая";Parker;263.jpg;
1254411;Ручка Parker IM Core F321 Matte Blue CT;Офис и канцелярия->Канцелярия->Ручки;2681,8;14;"Материал корпуса: металл; Цвет чернил: черный; С футляром; Клипса; Тип ручки: перьевая";Parker;264.jpg;
1254426;Ручка Parker IM Core F321 Light Purple CT;Офис и канцелярия->Канцелярия->Ручки;2307,8;8;"Материал корпуса: металл; Цвет чернил: черный; С футляром; Клипса; Тип ручки: перьевая";Parker;265.jpg;
1254415;Ручка Parker IM Core F321 Light Blue Grey CT;Офис и канцелярия->Канцелярия->Ручки;2307,8;12;"Материал корпуса: металл; Цвет чернил: черный; С футляром; Клипса; Тип ручки: перьевая";Parker;266.jpg;
1254405;Ручка Parker IM Core F321 Black GT;Офис и канцелярия->Канцелярия->Ручки;2143,9;6;"Материал корпуса: металл; Цвет чернил: черный; С футляром; Клипса; Тип ручки: перьевая";Parker;267.jpg;
727560;Ручка Parker IM Brushed Metal GT BP;Офис и канцелярия->Канцелярия->Ручки;3245,0;15;"Материал корпуса: металл; Цвет чернил: синий; С футляром; Клипса; Авторучка; Тип ручки: шариковая";Parker;268.jpg;
1194714;Ручка Pilot Frixion Pro 07 Blue Ink;Офис и канцелярия->Канцелярия->Ручки;159,5;9;"Материал корпуса: пластик; Цвет чернил: синий; Клипса; Ластик; Тип ручки: линер";Pilot;269.jpg;
1194719;Ручка Pilot Frixion Pro 07 Black Ink;Офис и канцелярия->Канцелярия->Ручки;159,5;2;"Материал корпуса: пластик; Цвет чернил: синий; Клипса; Ластик; Тип ручки: линер";Pilot;270.jpg;
1194702;Ручка Pilot Frixion Point 05 Blue Ink;Офис и канцелярия->Канцелярия->Ручки;159,5;13;"Материал корпуса: пластик; Цвет чернил: синий; Клипса; Ластик; Тип ручки: линер";Pilot;271.jpg;
1194712;Ручка Pilot Frixion Point 05 Black Ink;Офис и канцелярия->Канцелярия->Ручки;159,5;6;"Материал корпуса: пластик; Цвет чернил: черный; Клипса; Ластик; Тип ручки: линер";Pilot;272.jpg;
285537;Карандаши Koh-i-Noor 5340;Офис и канцелярия->Канцелярия->Карандаши;209,0;8;"Материал корпуса: металл; Точилка; Длина грифеля (мм): 140; Диаметр грифеля (мм): 5.6; Цанговый карандаш; Назначение: простой; Тип: карандаш";Koh-i-Noor;273.jpg;
529882;Карандаши Faber-Castell Grip 2001;Офис и канцелярия->Канцелярия->Карандаши;236,5;3;"Материал корпуса: дерево; Твердость грифеля: HB; Назначение: простой; Тип: карандаш";Faber-Castell;274.jpg;
824188;Карандаши Koh-i-Noor Mondeluz Set of 24;Офис и канцелярия->Канцелярия->Карандаши;475,2;13;"Материал корпуса: дерево; Акварельные карандаши; Назначение: цветной; Кол-во в наборе (шт): 24; Тип: набор карандашей";Koh-i-Noor;275.jpg;
285117;Карандаши Koh-i-Noor 5201;Офис и канцелярия->Канцелярия->Карандаши;242,0;9;"Материал корпуса: металл; Клипса; Точилка; Длина грифеля (мм): 120; Диаметр грифеля (мм): 2; Цанговый карандаш; Назначение: простой; Тип: карандаш";Koh-i-Noor;276.jpg;
824181;Карандаши Koh-i-Noor Mondeluz Set of 12;Офис и канцелярия->Канцелярия->Карандаши;253,0;8;"Материал корпуса: дерево; Акварельные карандаши; Назначение: цветной; Кол-во в наборе (шт): 12; Тип: набор карандашей";Koh-i-Noor;277.jpg;
806120;Карандаши Faber-Castell Grip Matic 05 Green;Офис и канцелярия->Канцелярия->Карандаши;110,0;12;"Материал корпуса: пластик; Клипса; Ластик; Диаметр грифеля (мм): 0.5; Цанговый карандаш; Назначение: простой; Тип: карандаш";Faber-Castell;278.jpg;
285998;Карандаши Faber-Castell  Art Grip Aquarelle Set of 12;Офис и канцелярия->Канцелярия->Карандаши;1004,3;6;"Материал корпуса: дерево; Диаметр грифеля (мм): 3.3; Акварельные карандаши; Назначение: цветной; Кол-во в наборе (шт): 12; Тип: набор карандашей";Faber-Castell;279.jpg;
358542;Карандаши Faber-Castell TK Fine 9717 07;Офис и канцелярия->Канцелярия->Карандаши;374,0;7;"Материал корпуса: пластик; Клипса; Ластик; Твердость грифеля: HB; Диаметр грифеля (мм): 0.7; Цанговый карандаш; Назначение: простой; Тип: карандаш";Faber-Castell;280.jpg;
358538;Карандаши Faber-Castell TK Fine 9715 05;Офис и канцелярия->Канцелярия->Карандаши;352,0;4;"Материал корпуса: пластик; Клипса; Ластик; Твердость грифеля: HB; Диаметр грифеля (мм): 0.5; Цанговый карандаш; Назначение: простой; Тип: карандаш";Faber-Castell;281.jpg;
358529;Карандаши Faber-Castell TK Fine 9713 035;Офис и канцелярия->Канцелярия->Карандаши;352,0;2;"Материал корпуса: пластик; Клипса; Ластик; Твердость грифеля: HB; Диаметр грифеля (мм): 0.35; Цанговый карандаш; Назначение: простой; Тип: карандаш";Faber-Castell;282.jpg;
806127;Карандаши Faber-Castell Grip Matic 07 Green;Офис и канцелярия->Канцелярия->Карандаши;116,6;5;"Материал корпуса: пластик; Клипса; Ластик; Диаметр грифеля (мм): 0.5; Цанговый карандаш; Назначение: простой; Тип: карандаш";Faber-Castell;283.jpg;
286019;Карандаши Faber-Castell  Art Grip Aquarelle Set of 60;Офис и канцелярия->Канцелярия->Карандаши;4864,2;11;"Материал корпуса: дерево; Диаметр грифеля (мм): 3.3; Акварельные карандаши; Назначение: цветной; Кол-во в наборе (шт): 60; Тип: набор карандашей";Faber-Castell;284.jpg;
285988;Карандаши Faber-Castell Art Grip Aquarelle Set of 38;Офис и канцелярия->Канцелярия->Карандаши;3469,4;10;"Материал корпуса: дерево; Диаметр грифеля (мм): 3.3; Акварельные карандаши; Назначение: цветной; Кол-во в наборе (шт): 38; Тип: набор карандашей";Faber-Castell;285.jpg;
286106;Карандаши Faber-Castell Art & Graphic Set of 54;Офис и канцелярия->Канцелярия->Карандаши;16600,1;10;"Материал корпуса: дерево; Точилка; Ластик; Акварельные карандаши; Назначение: цветной; Кол-во в наборе (шт): 54; Тип: набор карандашей";Faber-Castell;286.jpg;
1001303;Карандаши Koh-i-Noor 8971 4B;Офис и канцелярия->Канцелярия->Карандаши;82,5;10;"Твердость грифеля: 4B; Длина грифеля (мм): 120; Диаметр грифеля (мм): 10.5; Назначение: простой; Тип: карандаш";Koh-i-Noor;287.jpg;
285339;Карандаши Koh-i-Noor 1830 Triograph;Офис и канцелярия->Канцелярия->Карандаши;88,0;4;"Материал корпуса: дерево; Твердость грифеля: 2B; Длина грифеля (мм): 175; Диаметр грифеля (мм): 5.6; Назначение: простой; Тип: карандаш";Koh-i-Noor;288.jpg;